Cycle ID,Battery ID,total_ah,total_wh,cycle_duration,max_voltage,min_voltage,average_voltage,max_dVdt,min_dVdt,average_dVdt,max_temp,min_temp,average_temp,Rise_temp_per_Sec,max_current,min_current,average_current
2,B0052,1.657095749914685,6.903457101008976,10801.422,4.200312383775429,3.937041598242157,4.179426180119245,0.10235766028489428,-0.0025643611109317024,5.35646156023239e-05,8.568429647924537,4.477983518585157,6.568824105567016,0.00011760767047888549,1.5020984769893295,0.0556347261514226,0.5889461645698669
5,B0052,1.4708943407892836,6.128846587844974,10800.906999999996,4.200079095471635,3.9272813100276553,4.180499908123814,0.07960089760793108,-0.003044167123586847,4.999878377552954e-05,8.446212272033781,4.458214924800562,6.5224689825215725,-0.0001881910140228214,1.5030180245268463,0.054634822299109,0.5219957850114263
7,B0052,1.3866090564531774,5.778422524515995,10801.687,4.200043688766528,3.9356289258951223,4.181336758908648,0.07829139712161087,-0.0026608834597695377,4.924726424237427e-05,8.615312528313652,4.422854744798324,6.45640790023623,-4.123737323541537e-05,1.5037058708153532,0.0531916789021523,0.489181992610103
9,B0052,0.6684218736111559,2.7690425134055667,1650.953,4.200044268264938,3.928837123080832,4.1428093356887725,0.07245711770877471,-0.002615101705551817,0.0002839517653776031,8.636610742942768,6.088056043498654,7.848098932404522,-0.0002501498027654321,1.5012399116260366,1.228948922524094,1.4585201909205152
