Cycle Pair,Battery ID,Charge_Ah,Discharge_Ah,Initial Discharge_Ah,Charge_Wh,Discharge_Wh,Charge Duration_Sec,Discharge Duration_Sec,Average_Charge_Voltage,Average_Discharge_Voltage,Voltage Hysteresis,Max Charge Temperature,Max Discharge Temperature,Charge_Tempaerature_Rise_Rate,Discharge_Tempaerature_Rise_Rate,Coulombic_Efficiency_Ah,Energy_Efficiency_Wh,SOH,Capacity_Fade,Cycle Status
1,B0052,1.657095749914685,1.415469473727316,1.415469473727316,6.903457101008976,4.635495773219823,10801.422,2546.328,4.179426180119245,3.27524479039073,0.9041813897285151,8.568429647924537,16.177396228351437,0.00011760767047888549,0.004129604858274444,85.41868952353482,67.1474553313632,102.76753184381293,,Valid
2,B0052,1.4708943407892836,1.367879184448482,1.415469473727316,6.128846587844974,4.5327401090098265,10800.906999999996,2460.281,4.180499908123814,3.3142207142137594,0.8662791939100543,8.446212272033781,15.571733689239586,-0.0001881910140228214,0.00403027079283647,92.99642717467228,73.9574737928565,99.31232729175701,3.4552045520559176,Valid
3,B0052,1.3866090564531774,1.3487038928533344,1.415469473727316,5.778422524515995,4.481271317208524,10801.687,2425.5,4.181336758908648,3.3231370473976884,0.8581997115109594,8.615312528313652,14.97127576364998,-4.123737323541537e-05,0.0038820869566307038,97.26634097596325,77.55181103832275,97.92014086443008,1.3921864273269335,Valid
