Cycle ID,Battery ID,total_ah,total_wh,cycle_duration,max_voltage,min_voltage,average_voltage,max_dVdt,min_dVdt,average_dVdt,Ambient_Temperature,max_temp,min_temp,average_temp,Rise_temp_per_Sec,max_current,min_current,average_current
0,B0052,0.8578619829851376,2.6526488774524846,1539.454,3.4670542341297383,2.707137173450856,3.0928200087415068,0.0005318954567455027,-0.03964039562991205,-0.0007294533464723766,4,16.429874854641657,9.06962408861446,13.101946363497177,0.004293148301541331,-1.9895879726631085,-1.9979778414937188,-1.9938240428717873
4,B0052,1.415469473727316,4.635495773219823,2546.328,3.808222031651642,2.708572393645919,3.27524479039073,5.895226928735073e-05,-0.03641759400472573,-0.0005641830626275765,4,16.177396228351437,5.6620677487911895,11.807684111360418,0.004129604858274444,-1.990079794487348,-1.9975690832350856,-1.99371664746812
6,B0052,1.367879184448482,4.5327401090098265,2460.281,3.851461072353661,2.7118109592669395,3.3142207142137594,-5.67128840389324e-05,-0.0342445182042509,-0.0005922965816331336,4,15.571733689239586,5.656135032769084,11.393560365466588,0.00403027079283647,-1.989615630905215,-1.99887278060858,-1.9937858844584726
8,B0052,1.3487038928533344,4.481271317208524,2425.5,3.858263127084384,2.7186001332651126,3.3231370473976884,-4.170919550341833e-05,-0.0334910815857288,-0.0005984568626815647,4,14.97127576364998,4.808830747218545,11.324041667260735,0.0038820869566307038,-1.9900557247632047,-1.9980539993077264,-1.9937870284276258
